Image,Emotion
01920_horror_detect.jpg,Fear
11920_horror_detect.jpg,Fear
21920_horror_detect.jpg,Fear
31920_horror_detect.jpg,Fear
41920_horror_detect.jpg,Fear
51920_horror_detect.jpg,Fear
61920_horror_detect.jpg,Fear
71920_horror_detect.jpg,Fear
81920_horror_detect.jpg,Fear
91920_horror_detect.jpg,Fear
101920_horror_detect.jpg,Fear
111920_horror_detect.jpg,Fear
121920_horror_detect.jpg,Fear
131920_horror_detect.jpg,Fear
141920_horror_detect.jpg,Fear
151920_horror_detect.jpg,Disgust
161920_horror_detect.jpg,Fear
171920_horror_detect.jpg,Disgust
181920_horror_detect.jpg,Fear
191920_horror_detect.jpg,Fear
201920_horror_detect.jpg,Fear
211920_horror_detect.jpg,Fear
221920_horror_detect.jpg,Fear
231920_horror_detect.jpg,Fear
241920_horror_detect.jpg,Fear
251920_horror_detect.jpg,Fear
261920_horror_detect.jpg,Fear
271920_horror_detect.jpg,Fear
281920_horror_detect.jpg,Fear
291920_horror_detect.jpg,Fear
301920_horror_detect.jpg,Disgust
311920_horror_detect.jpg,Fear
321920_horror_detect.jpg,Fear
331920_horror_detect.jpg,Disgust
341920_horror_detect.jpg,Fear
351920_horror_detect.jpg,Fear
361920_horror_detect.jpg,Fear
371920_horror_detect.jpg,Fear
381920_horror_detect.jpg,Fear
391920_horror_detect.jpg,Fear
401920_horror_detect.jpg,Fear
411920_horror_detect.jpg,Fear
421920_horror_detect.jpg,Fear
431920_horror_detect.jpg,Fear
441920_horror_detect.jpg,Fear
451920_horror_detect.jpg,Fear
461920_horror_detect.jpg,Fear
471920_horror_detect.jpg,Fear
481920_horror_detect.jpg,Fear
491920_horror_detect.jpg,Fear
501920_horror_detect.jpg,Fear
511920_horror_detect.jpg,Fear
521920_horror_detect.jpg,Fear
531920_horror_detect.jpg,Fear
541920_horror_detect.jpg,Sadness
551920_horror_detect.jpg,Fear
561920_horror_detect.jpg,Fear
571920_horror_detect.jpg,Fear
581920_horror_detect.jpg,Fear
591920_horror_detect.jpg,Fear
601920_horror_detect.jpg,Fear
611920_horror_detect.jpg,Fear
621920_horror_detect.jpg,Disgust
631920_horror_detect.jpg,Fear
641920_horror_detect.jpg,Fear
651920_horror_detect.jpg,Fear
661920_horror_detect.jpg,Fear
671920_horror_detect.jpg,Fear
681920_horror_detect.jpg,Fear
691920_horror_detect.jpg,Surprise
701920_horror_detect.jpg,Surprise
711920_horror_detect.jpg,Surprise
721920_horror_detect.jpg,Surprise
731920_horror_detect.jpg,Surprise
741920_horror_detect.jpg,Surprise
751920_horror_detect.jpg,Surprise
761920_horror_detect.jpg,Surprise
771920_horror_detect.jpg,Surprise
781920_horror_detect.jpg,Surprise
791920_horror_detect.jpg,Surprise
801920_horror_detect.jpg,Surprise
811920_horror_detect.jpg,Surprise
821920_horror_detect.jpg,Surprise
831920_horror_detect.jpg,Surprise
841920_horror_detect.jpg,Surprise
851920_horror_detect.jpg,Surprise
861920_horror_detect.jpg,Surprise
871920_horror_detect.jpg,Surprise
881920_horror_detect.jpg,Surprise
891920_horror_detect.jpg,Surprise
901920_horror_detect.jpg,Surprise
911920_horror_detect.jpg,Surprise
921920_horror_detect.jpg,Surprise
931920_horror_detect.jpg,Fear
941920_horror_detect.jpg,Fear
951920_horror_detect.jpg,Fear
961920_horror_detect.jpg,Love
971920_horror_detect.jpg,Love
981920_horror_detect.jpg,Love
991920_horror_detect.jpg,Love
1001920_horror_detect.jpg,Love
1011920_horror_detect.jpg,Love
1021920_horror_detect.jpg,Love
1031920_horror_detect.jpg,Love
1041920_horror_detect.jpg,Love
1051920_horror_detect.jpg,Love
1061920_horror_detect.jpg,Love
1071920_horror_detect.jpg,Love
1081920_horror_detect.jpg,Love
1091920_horror_detect.jpg,Love
1101920_horror_detect.jpg,Love
1111920_horror_detect.jpg,Love
1121920_horror_detect.jpg,Love
1131920_horror_detect.jpg,Love
1141920_horror_detect.jpg,Love
1151920_horror_detect.jpg,Love
1161920_horror_detect.jpg,Love
1171920_horror_detect.jpg,Love
1181920_horror_detect.jpg,Love
1191920_horror_detect.jpg,Love
1201920_horror_detect.jpg,Love
1211920_horror_detect.jpg,Love
1221920_horror_detect.jpg,Love
1231920_horror_detect.jpg,Love
1241920_horror_detect.jpg,Love
1251920_horror_detect.jpg,Love
1261920_horror_detect.jpg,Love
1271920_horror_detect.jpg,Love
1281920_horror_detect.jpg,Love
1291920_horror_detect.jpg,Love
38force2_action_detect.jpg,Neutral
39force2_action_detect.jpg,Neutral
40force2_action_detect.jpg,Neutral
41force2_action_detect.jpg,Neutral
42force2_action_detect.jpg,Neutral
43force2_action_detect.jpg,Neutral
44force2_action_detect.jpg,Neutral
45force2_action_detect.jpg,Neutral
46force2_action_detect.jpg,Neutral
47force2_action_detect.jpg,Neutral
48force2_action_detect.jpg,Neutral
49force2_action_detect.jpg,Neutral
50force2_action_detect.jpg,Anger
51force2_action_detect.jpg,Neutral
52force2_action_detect.jpg,Neutral
53force2_action_detect.jpg,Neutral
54force2_action_detect.jpg,Neutral
55force2_action_detect.jpg,Neutral
56force2_action_detect.jpg,Neutral
57force2_action_detect.jpg,Neutral
58force2_action_detect.jpg,Neutral
59force2_action_detect.jpg,Neutral
60force2_action_detect.jpg,Neutral
61force2_action_detect.jpg,Neutral
62force2_action_detect.jpg,Neutral
63force2_action_detect.jpg,Anger
64force2_action_detect.jpg,Anger
65force2_action_detect.jpg,Anger
66force2_action_detect.jpg,Anger
67force2_action_detect.jpg,Anger
68force2_action_detect.jpg,Anger
69force2_action_detect.jpg,Anger
70force2_action_detect.jpg,Anger
71force2_action_detect.jpg,Anger
72force2_action_detect.jpg,Anger
73force2_action_detect.jpg,Anger
74force2_action_detect.jpg,Anger
75force2_action_detect.jpg,Anger
76force2_action_detect.jpg,Anger
77force2_action_detect.jpg,Anger
78force2_action_detect.jpg,Anger
79force2_action_detect.jpg,Anger
80force2_action_detect.jpg,Anger
81force2_action_detect.jpg,Anger
82force2_action_detect.jpg,Anger
83force2_action_detect.jpg,Anger
84force2_action_detect.jpg,Anger
85force2_action_detect.jpg,Anger
86force2_action_detect.jpg,Anger
87force2_action_detect.jpg,Anger
88force2_action_detect.jpg,Anger
89force2_action_detect.jpg,Anger
90force2_action_detect.jpg,Anger
91force2_action_detect.jpg,Anger
92force2_action_detect.jpg,Anger
93force2_action_detect.jpg,Anger
94force2_action_detect.jpg,Anger
95force2_action_detect.jpg,Anger
96force2_action_detect.jpg,Anger
97force2_action_detect.jpg,Anger
98force2_action_detect.jpg,Anger
99force2_action_detect.jpg,Anger
100force2_action_detect.jpg,Anger
101force2_action_detect.jpg,Anger
102force2_action_detect.jpg,Anger
103force2_action_detect.jpg,Anger
104force2_action_detect.jpg,Anger
105force2_action_detect.jpg,Anger
106force2_action_detect.jpg,Anger
107force2_action_detect.jpg,Anger
108force2_action_detect.jpg,Anger
109force2_action_detect.jpg,Anger
110force2_action_detect.jpg,Anger
111force2_action_detect.jpg,Anger
112force2_action_detect.jpg,Anger
113force2_action_detect.jpg,Anger
114force2_action_detect.jpg,Anger
115force2_action_detect.jpg,Anger
116force2_action_detect.jpg,Anger
117force2_action_detect.jpg,Anger
118force2_action_detect.jpg,Anger
119force2_action_detect.jpg,Anger
120force2_action_detect.jpg,Anger
121force2_action_detect.jpg,Neutral
122force2_action_detect.jpg,Neutral
123force2_action_detect.jpg,Neutral
124force2_action_detect.jpg,Neutral
125force2_action_detect.jpg,Neutral
126force2_action_detect.jpg,Neutral
127force2_action_detect.jpg,Neutral
128force2_action_detect.jpg,Neutral
129force2_action_detect.jpg,Neutral
130force2_action_detect.jpg,Neutral
131force2_action_detect.jpg,Neutral
132force2_action_detect.jpg,Neutral
133force2_action_detect.jpg,Neutral
134force2_action_detect.jpg,Neutral
135force2_action_detect.jpg,Neutral
136force2_action_detect.jpg,Neutral
137force2_action_detect.jpg,Neutral
138force2_action_detect.jpg,Neutral
139force2_action_detect.jpg,Neutral
140force2_action_detect.jpg,Neutral
141force2_action_detect.jpg,Neutral
474kesari_drama_detect.jpg,Anger
475kesari_drama_detect.jpg,Anger
476kesari_drama_detect.jpg,Anger
477kesari_drama_detect.jpg,Anger
478kesari_drama_detect.jpg,Anger
479kesari_drama_detect.jpg,Anger
480kesari_drama_detect.jpg,Anger
481kesari_drama_detect.jpg,Anger
482kesari_drama_detect.jpg,Anger
483kesari_drama_detect.jpg,Anger
484kesari_drama_detect.jpg,Anger
485kesari_drama_detect.jpg,Anger
486kesari_drama_detect.jpg,Anger
487kesari_drama_detect.jpg,Anger
488kesari_drama_detect.jpg,Anger
489kesari_drama_detect.jpg,Anger
490kesari_drama_detect.jpg,Anger
491kesari_drama_detect.jpg,Anger
492kesari_drama_detect.jpg,Anger
493kesari_drama_detect.jpg,Anger
494kesari_drama_detect.jpg,Anger
495kesari_drama_detect.jpg,Anger
496kesari_drama_detect.jpg,Anger
499kesari_drama_detect.jpg,Neutral
500kesari_drama_detect.jpg,Neutral
501kesari_drama_detect.jpg,Neutral
502kesari_drama_detect.jpg,Neutral
503kesari_drama_detect.jpg,Neutral
504kesari_drama_detect.jpg,Neutral
505kesari_drama_detect.jpg,Neutral
506kesari_drama_detect.jpg,Neutral
507kesari_drama_detect.jpg,Neutral
508kesari_drama_detect.jpg,Neutral
509kesari_drama_detect.jpg,Neutral
510kesari_drama_detect.jpg,Neutral
511kesari_drama_detect.jpg,Neutral
512kesari_drama_detect.jpg,Neutral
513kesari_drama_detect.jpg,Neutral
514kesari_drama_detect.jpg,Neutral
515kesari_drama_detect.jpg,Neutral
516kesari_drama_detect.jpg,Neutral
517kesari_drama_detect.jpg,Neutral
518kesari_drama_detect.jpg,Neutral
519kesari_drama_detect.jpg,Neutral
520kesari_drama_detect.jpg,Neutral
521kesari_drama_detect.jpg,Neutral
522kesari_drama_detect.jpg,Neutral
523kesari_drama_detect.jpg,Neutral
524kesari_drama_detect.jpg,Neutral
525kesari_drama_detect.jpg,Neutral
526kesari_drama_detect.jpg,Neutral
527kesari_drama_detect.jpg,Neutral
528kesari_drama_detect.jpg,Neutral
529kesari_drama_detect.jpg,Neutral
530kesari_drama_detect.jpg,Neutral
531kesari_drama_detect.jpg,Neutral
532kesari_drama_detect.jpg,Neutral
533kesari_drama_detect.jpg,Joy
534kesari_drama_detect.jpg,Joy
535kesari_drama_detect.jpg,Joy
536kesari_drama_detect.jpg,Anger
537kesari_drama_detect.jpg,Anger
538kesari_drama_detect.jpg,Anger
539kesari_drama_detect.jpg,Anger
540kesari_drama_detect.jpg,Anger
541kesari_drama_detect.jpg,Anger
542kesari_drama_detect.jpg,Anger
543kesari_drama_detect.jpg,Anger
544kesari_drama_detect.jpg,Anger
545kesari_drama_detect.jpg,Anger
546kesari_drama_detect.jpg,Anger
547kesari_drama_detect.jpg,Anger
548kesari_drama_detect.jpg,Anger
549kesari_drama_detect.jpg,Anger
550kesari_drama_detect.jpg,Anger
551kesari_drama_detect.jpg,Anger
552kesari_drama_detect.jpg,Anger
553kesari_drama_detect.jpg,Anger
554kesari_drama_detect.jpg,Anger
555kesari_drama_detect.jpg,Anger
556kesari_drama_detect.jpg,Anger
557kesari_drama_detect.jpg,Anger
558kesari_drama_detect.jpg,Anger
559kesari_drama_detect.jpg,Anger
560kesari_drama_detect.jpg,Anger
561kesari_drama_detect.jpg,Anger
562kesari_drama_detect.jpg,Anger
563kesari_drama_detect.jpg,Anger
564kesari_drama_detect.jpg,Anger
565kesari_drama_detect.jpg,Anger
566kesari_drama_detect.jpg,Anger
567kesari_drama_detect.jpg,Anger
568kesari_drama_detect.jpg,Anger
569kesari_drama_detect.jpg,Anger
570kesari_drama_detect.jpg,Anger
571kesari_drama_detect.jpg,Anger
572kesari_drama_detect.jpg,Anger
573kesari_drama_detect.jpg,Anger
574kesari_drama_detect.jpg,Anger
575kesari_drama_detect.jpg,Anger
576kesari_drama_detect.jpg,Anger
577kesari_drama_detect.jpg,Anger
578kesari_drama_detect.jpg,Anger
579kesari_drama_detect.jpg,Anger
580kesari_drama_detect.jpg,Anger
581kesari_drama_detect.jpg,Anger
582kesari_drama_detect.jpg,Anger
583kesari_drama_detect.jpg,Anger
584kesari_drama_detect.jpg,Anger
585kesari_drama_detect.jpg,Anger
586kesari_drama_detect.jpg,Anger
587kesari_drama_detect.jpg,Anger
588kesari_drama_detect.jpg,Anger
589kesari_drama_detect.jpg,Anger
590kesari_drama_detect.jpg,Anger
591kesari_drama_detect.jpg,Anger
592kesari_drama_detect.jpg,Anger
593kesari_drama_detect.jpg,Anger
594kesari_drama_detect.jpg,Anger
595kesari_drama_detect.jpg,Anger
596kesari_drama_detect.jpg,Anger
597kesari_drama_detect.jpg,Anger
598kesari_drama_detect.jpg,Anger
599kesari_drama_detect.jpg,Anger
600kesari_drama_detect.jpg,Anger
601kesari_drama_detect.jpg,Anger
602kesari_drama_detect.jpg,Anger
603kesari_drama_detect.jpg,Anger
604kesari_drama_detect.jpg,Anger
605kesari_drama_detect.jpg,Anger
606kesari_drama_detect.jpg,Anger
607kesari_drama_detect.jpg,Anger
608kesari_drama_detect.jpg,Anger
609kesari_drama_detect.jpg,Anger
610kesari_drama_detect.jpg,Anger
611kesari_drama_detect.jpg,Anger
612kesari_drama_detect.jpg,Anger
613kesari_drama_detect.jpg,Anger
614kesari_drama_detect.jpg,Anger
615kesari_drama_detect.jpg,Anger
616kesari_drama_detect.jpg,Anger
617kesari_drama_detect.jpg,Anger
618kesari_drama_detect.jpg,Anger
619kesari_drama_detect.jpg,Anger
620kesari_drama_detect.jpg,Anger
621kesari_drama_detect.jpg,Anger
622kesari_drama_detect.jpg,Anger
623kesari_drama_detect.jpg,Anger
624kesari_drama_detect.jpg,Anger
625kesari_drama_detect.jpg,Anger
626kesari_drama_detect.jpg,Anger
627kesari_drama_detect.jpg,Anger
628kesari_drama_detect.jpg,Anger
629kesari_drama_detect.jpg,Anger
630kesari_drama_detect.jpg,Anger
631kesari_drama_detect.jpg,Anger
632kesari_drama_detect.jpg,Anger
633kesari_drama_detect.jpg,Anger
634kesari_drama_detect.jpg,Anger
635kesari_drama_detect.jpg,Anger
636kesari_drama_detect.jpg,Anger
637kesari_drama_detect.jpg,Anger
638kesari_drama_detect.jpg,Anger
639kesari_drama_detect.jpg,Anger
640kesari_drama_detect.jpg,Anger
641kesari_drama_detect.jpg,Anger
642kesari_drama_detect.jpg,Anger
643kesari_drama_detect.jpg,Anger
644kesari_drama_detect.jpg,Anger
645kesari_drama_detect.jpg,Anger
646kesari_drama_detect.jpg,Anger
647kesari_drama_detect.jpg,Anger
648kesari_drama_detect.jpg,Anger
649kesari_drama_detect.jpg,Anger
650kesari_drama_detect.jpg,Anger
651kesari_drama_detect.jpg,Anger
1lupt_horror_detect.jpg,Neutral
2lupt_horror_detect.jpg,Neutral
3lupt_horror_detect.jpg,Neutral
4lupt_horror_detect.jpg,Neutral
5lupt_horror_detect.jpg,Neutral
6lupt_horror_detect.jpg,Neutral
7lupt_horror_detect.jpg,Neutral
8lupt_horror_detect.jpg,Neutral
9lupt_horror_detect.jpg,Neutral
10lupt_horror_detect.jpg,Neutral
11lupt_horror_detect.jpg,Neutral
12lupt_horror_detect.jpg,Neutral
13lupt_horror_detect.jpg,Neutral
14lupt_horror_detect.jpg,Neutral
15lupt_horror_detect.jpg,Neutral
16lupt_horror_detect.jpg,Neutral
17lupt_horror_detect.jpg,Neutral
18lupt_horror_detect.jpg,Neutral
19lupt_horror_detect.jpg,Neutral
20lupt_horror_detect.jpg,Neutral
21lupt_horror_detect.jpg,Neutral
22lupt_horror_detect.jpg,Neutral
23lupt_horror_detect.jpg,Neutral
24lupt_horror_detect.jpg,Neutral
25lupt_horror_detect.jpg,Neutral
26lupt_horror_detect.jpg,Neutral
27lupt_horror_detect.jpg,Neutral
28lupt_horror_detect.jpg,Neutral
29lupt_horror_detect.jpg,Neutral
30lupt_horror_detect.jpg,Neutral
31lupt_horror_detect.jpg,Neutral
32lupt_horror_detect.jpg,Neutral
33lupt_horror_detect.jpg,Neutral
34lupt_horror_detect.jpg,Neutral
35lupt_horror_detect.jpg,Neutral
36lupt_horror_detect.jpg,Neutral
37lupt_horror_detect.jpg,Neutral
38lupt_horror_detect.jpg,Neutral
55lupt_horror_detect.jpg,Neutral
56lupt_horror_detect.jpg,Neutral
57lupt_horror_detect.jpg,Neutral
58lupt_horror_detect.jpg,Neutral
59lupt_horror_detect.jpg,Neutral
60lupt_horror_detect.jpg,Neutral
61lupt_horror_detect.jpg,Neutral
62lupt_horror_detect.jpg,Neutral
63lupt_horror_detect.jpg,Neutral
64lupt_horror_detect.jpg,Neutral
65lupt_horror_detect.jpg,Neutral
66lupt_horror_detect.jpg,Neutral
67lupt_horror_detect.jpg,Neutral
68lupt_horror_detect.jpg,Neutral
69lupt_horror_detect.jpg,Neutral
70lupt_horror_detect.jpg,Neutral
71lupt_horror_detect.jpg,Neutral
72lupt_horror_detect.jpg,Neutral
73lupt_horror_detect.jpg,Neutral
74lupt_horror_detect.jpg,Neutral
75lupt_horror_detect.jpg,Neutral
76lupt_horror_detect.jpg,Neutral
77lupt_horror_detect.jpg,Neutral
78lupt_horror_detect.jpg,Neutral
79lupt_horror_detect.jpg,Neutral
80lupt_horror_detect.jpg,Neutral
81lupt_horror_detect.jpg,Neutral
82lupt_horror_detect.jpg,Neutral
83lupt_horror_detect.jpg,Neutral
84lupt_horror_detect.jpg,Neutral
85lupt_horror_detect.jpg,Neutral
86lupt_horror_detect.jpg,Neutral
87lupt_horror_detect.jpg,Neutral
88lupt_horror_detect.jpg,Neutral
89lupt_horror_detect.jpg,Neutral
90lupt_horror_detect.jpg,Neutral
91lupt_horror_detect.jpg,Neutral
92lupt_horror_detect.jpg,Neutral
93lupt_horror_detect.jpg,Neutral
94lupt_horror_detect.jpg,Neutral
95lupt_horror_detect.jpg,Neutral
96lupt_horror_detect.jpg,Neutral
97lupt_horror_detect.jpg,Neutral
98lupt_horror_detect.jpg,Neutral
99lupt_horror_detect.jpg,Neutral
100lupt_horror_detect.jpg,Neutral
101lupt_horror_detect.jpg,Neutral
102lupt_horror_detect.jpg,Neutral
103lupt_horror_detect.jpg,Neutral
104lupt_horror_detect.jpg,Neutral
105lupt_horror_detect.jpg,Neutral
106lupt_horror_detect.jpg,Neutral
107lupt_horror_detect.jpg,Neutral
108lupt_horror_detect.jpg,Neutral
109lupt_horror_detect.jpg,Neutral
110lupt_horror_detect.jpg,Neutral
111lupt_horror_detect.jpg,Neutral
112lupt_horror_detect.jpg,Neutral
113lupt_horror_detect.jpg,Neutral
114lupt_horror_detect.jpg,Neutral
115lupt_horror_detect.jpg,Neutral
116lupt_horror_detect.jpg,Neutral
117lupt_horror_detect.jpg,Neutral
118lupt_horror_detect.jpg,Neutral
119lupt_horror_detect.jpg,Neutral
120lupt_horror_detect.jpg,Neutral
121lupt_horror_detect.jpg,Neutral
122lupt_horror_detect.jpg,Neutral
123lupt_horror_detect.jpg,Neutral
124lupt_horror_detect.jpg,Neutral
125lupt_horror_detect.jpg,Neutral
126lupt_horror_detect.jpg,Neutral
127lupt_horror_detect.jpg,Neutral
128lupt_horror_detect.jpg,Neutral
129lupt_horror_detect.jpg,Neutral
130lupt_horror_detect.jpg,Neutral
131lupt_horror_detect.jpg,Neutral
132lupt_horror_detect.jpg,Neutral
133lupt_horror_detect.jpg,Neutral
134lupt_horror_detect.jpg,Neutral
135lupt_horror_detect.jpg,Neutral
136lupt_horror_detect.jpg,Neutral
137lupt_horror_detect.jpg,Neutral
138lupt_horror_detect.jpg,Neutral
139lupt_horror_detect.jpg,Neutral
140lupt_horror_detect.jpg,Neutral
141lupt_horror_detect.jpg,Neutral
142lupt_horror_detect.jpg,Neutral
143lupt_horror_detect.jpg,Neutral
144lupt_horror_detect.jpg,Neutral
145lupt_horror_detect.jpg,Neutral
146lupt_horror_detect.jpg,Neutral
147lupt_horror_detect.jpg,Neutral
148lupt_horror_detect.jpg,Neutral
149lupt_horror_detect.jpg,Neutral
150lupt_horror_detect.jpg,Neutral
151lupt_horror_detect.jpg,Neutral
152lupt_horror_detect.jpg,Neutral
153lupt_horror_detect.jpg,Neutral
154lupt_horror_detect.jpg,Neutral
188missionmangal_drama_detect.jpg,Happy
189missionmangal_drama_detect.jpg,Happy
190missionmangal_drama_detect.jpg,Happy
191missionmangal_drama_detect.jpg,Happy
192missionmangal_drama_detect.jpg,Happy
193missionmangal_drama_detect.jpg,Happy
194missionmangal_drama_detect.jpg,Happy
195missionmangal_drama_detect.jpg,Happy
196missionmangal_drama_detect.jpg,Happy
197missionmangal_drama_detect.jpg,Happy
198missionmangal_drama_detect.jpg,Happy
199missionmangal_drama_detect.jpg,Happy
200missionmangal_drama_detect.jpg,Happy
201missionmangal_drama_detect.jpg,Happy
202missionmangal_drama_detect.jpg,Happy
203missionmangal_drama_detect.jpg,Happy
204missionmangal_drama_detect.jpg,Happy
205missionmangal_drama_detect.jpg,Happy
206missionmangal_drama_detect.jpg,Happy
207missionmangal_drama_detect.jpg,Happy
208missionmangal_drama_detect.jpg,Happy
209missionmangal_drama_detect.jpg,Happy
210missionmangal_drama_detect.jpg,Happy
211missionmangal_drama_detect.jpg,Happy
212missionmangal_drama_detect.jpg,Happy
214missionmangal_drama_detect.jpg,Neutral
215missionmangal_drama_detect.jpg,Neutral
216missionmangal_drama_detect.jpg,Neutral
217missionmangal_drama_detect.jpg,Neutral
218missionmangal_drama_detect.jpg,Neutral
219missionmangal_drama_detect.jpg,Neutral
220missionmangal_drama_detect.jpg,Neutral
221missionmangal_drama_detect.jpg,Neutral
222missionmangal_drama_detect.jpg,Neutral
223missionmangal_drama_detect.jpg,Neutral
224missionmangal_drama_detect.jpg,Neutral
225missionmangal_drama_detect.jpg,Neutral
226missionmangal_drama_detect.jpg,Neutral
227missionmangal_drama_detect.jpg,Neutral
228missionmangal_drama_detect.jpg,Neutral
229missionmangal_drama_detect.jpg,Neutral
230missionmangal_drama_detect.jpg,Neutral
231missionmangal_drama_detect.jpg,Neutral
232missionmangal_drama_detect.jpg,Neutral
233missionmangal_drama_detect.jpg,Neutral
234missionmangal_drama_detect.jpg,Neutral
235missionmangal_drama_detect.jpg,Neutral
236missionmangal_drama_detect.jpg,Neutral
237missionmangal_drama_detect.jpg,Neutral
238missionmangal_drama_detect.jpg,Neutral
239missionmangal_drama_detect.jpg,Neutral
240missionmangal_drama_detect.jpg,Neutral
241missionmangal_drama_detect.jpg,Neutral
242missionmangal_drama_detect.jpg,Neutral
243missionmangal_drama_detect.jpg,Neutral
244missionmangal_drama_detect.jpg,Neutral
245missionmangal_drama_detect.jpg,Neutral
246missionmangal_drama_detect.jpg,Neutral
247missionmangal_drama_detect.jpg,Neutral
248missionmangal_drama_detect.jpg,Neutral
249missionmangal_drama_detect.jpg,Neutral
250missionmangal_drama_detect.jpg,Neutral
251missionmangal_drama_detect.jpg,Neutral
252missionmangal_drama_detect.jpg,Neutral
253missionmangal_drama_detect.jpg,Neutral
254missionmangal_drama_detect.jpg,Neutral
255missionmangal_drama_detect.jpg,Neutral
256missionmangal_drama_detect.jpg,Neutral
257missionmangal_drama_detect.jpg,Neutral
258missionmangal_drama_detect.jpg,Neutral
259missionmangal_drama_detect.jpg,Neutral
260missionmangal_drama_detect.jpg,Neutral
261missionmangal_drama_detect.jpg,Neutral
262missionmangal_drama_detect.jpg,Neutral
263missionmangal_drama_detect.jpg,Neutral
264missionmangal_drama_detect.jpg,Neutral
265missionmangal_drama_detect.jpg,Neutral
266missionmangal_drama_detect.jpg,Neutral
267missionmangal_drama_detect.jpg,Neutral
268missionmangal_drama_detect.jpg,Neutral
269missionmangal_drama_detect.jpg,Neutral
270missionmangal_drama_detect.jpg,Neutral
271missionmangal_drama_detect.jpg,Neutral
272missionmangal_drama_detect.jpg,Neutral
273missionmangal_drama_detect.jpg,Neutral
274missionmangal_drama_detect.jpg,Neutral
275missionmangal_drama_detect.jpg,Sadness
276missionmangal_drama_detect.jpg,Sadness
277missionmangal_drama_detect.jpg,Sadness
278missionmangal_drama_detect.jpg,Sadness
279missionmangal_drama_detect.jpg,Sadness
280missionmangal_drama_detect.jpg,Sadness
281missionmangal_drama_detect.jpg,Sadness
282missionmangal_drama_detect.jpg,Sadness
283missionmangal_drama_detect.jpg,Sadness
284missionmangal_drama_detect.jpg,Sadness
285missionmangal_drama_detect.jpg,Sadness
286missionmangal_drama_detect.jpg,Sadness
287missionmangal_drama_detect.jpg,Sadness
288missionmangal_drama_detect.jpg,Sadness
289missionmangal_drama_detect.jpg,Sadness
290missionmangal_drama_detect.jpg,Sadness
291missionmangal_drama_detect.jpg,Sadness
292missionmangal_drama_detect.jpg,Sadness
293missionmangal_drama_detect.jpg,Sadness
294missionmangal_drama_detect.jpg,Sadness
295missionmangal_drama_detect.jpg,Neutral
296missionmangal_drama_detect.jpg,Neutral
297missionmangal_drama_detect.jpg,Neutral
298missionmangal_drama_detect.jpg,Neutral
299missionmangal_drama_detect.jpg,Neutral
300missionmangal_drama_detect.jpg,Neutral
301missionmangal_drama_detect.jpg,Neutral
302missionmangal_drama_detect.jpg,Neutral
303missionmangal_drama_detect.jpg,Neutral
304missionmangal_drama_detect.jpg,Neutral
305missionmangal_drama_detect.jpg,Neutral
306missionmangal_drama_detect.jpg,Neutral
307missionmangal_drama_detect.jpg,Neutral
308missionmangal_drama_detect.jpg,Neutral
309missionmangal_drama_detect.jpg,Neutral
310missionmangal_drama_detect.jpg,Neutral
311missionmangal_drama_detect.jpg,Neutral
312missionmangal_drama_detect.jpg,Neutral
313missionmangal_drama_detect.jpg,Neutral
315missionmangal_drama_detect.jpg,Joy
316missionmangal_drama_detect.jpg,Joy
317missionmangal_drama_detect.jpg,Joy
318missionmangal_drama_detect.jpg,Joy
319missionmangal_drama_detect.jpg,Joy
320missionmangal_drama_detect.jpg,Joy
321missionmangal_drama_detect.jpg,Joy
322missionmangal_drama_detect.jpg,Joy
323missionmangal_drama_detect.jpg,Joy
324missionmangal_drama_detect.jpg,Anger
325missionmangal_drama_detect.jpg,Anger
326missionmangal_drama_detect.jpg,Anger
327missionmangal_drama_detect.jpg,Anger
328missionmangal_drama_detect.jpg,Anger
329missionmangal_drama_detect.jpg,Anger
330missionmangal_drama_detect.jpg,Anger
331missionmangal_drama_detect.jpg,Anger
332missionmangal_drama_detect.jpg,Anger
333missionmangal_drama_detect.jpg,Anger
334missionmangal_drama_detect.jpg,Neutral
335missionmangal_drama_detect.jpg,Neutral
336missionmangal_drama_detect.jpg,Neutral
337missionmangal_drama_detect.jpg,Neutral
338missionmangal_drama_detect.jpg,Neutral
339missionmangal_drama_detect.jpg,Neutral
340missionmangal_drama_detect.jpg,Neutral
341missionmangal_drama_detect.jpg,Neutral
342missionmangal_drama_detect.jpg,Neutral
343missionmangal_drama_detect.jpg,Neutral
344missionmangal_drama_detect.jpg,Neutral
345missionmangal_drama_detect.jpg,Neutral
346missionmangal_drama_detect.jpg,Neutral
347missionmangal_drama_detect.jpg,Neutral
348missionmangal_drama_detect.jpg,Neutral
349missionmangal_drama_detect.jpg,Neutral
350missionmangal_drama_detect.jpg,Neutral
351missionmangal_drama_detect.jpg,Neutral
352missionmangal_drama_detect.jpg,Neutral
353missionmangal_drama_detect.jpg,Neutral
354missionmangal_drama_detect.jpg,Neutral
355missionmangal_drama_detect.jpg,Neutral
356missionmangal_drama_detect.jpg,Neutral
357missionmangal_drama_detect.jpg,Neutral
358missionmangal_drama_detect.jpg,Neutral
359missionmangal_drama_detect.jpg,Neutral
360missionmangal_drama_detect.jpg,Neutral
361missionmangal_drama_detect.jpg,Neutral
362missionmangal_drama_detect.jpg,Neutral
363missionmangal_drama_detect.jpg,Neutral
364missionmangal_drama_detect.jpg,Neutral
365missionmangal_drama_detect.jpg,Neutral
366missionmangal_drama_detect.jpg,Neutral
367missionmangal_drama_detect.jpg,Neutral
368missionmangal_drama_detect.jpg,Neutral
369missionmangal_drama_detect.jpg,Neutral
217pink_drama_detect.jpg,Fear
218pink_drama_detect.jpg,Fear
219pink_drama_detect.jpg,Fear
220pink_drama_detect.jpg,Fear
221pink_drama_detect.jpg,Fear
222pink_drama_detect.jpg,Fear
223pink_drama_detect.jpg,Fear
224pink_drama_detect.jpg,Fear
225pink_drama_detect.jpg,Fear
226pink_drama_detect.jpg,Fear
227pink_drama_detect.jpg,Fear
228pink_drama_detect.jpg,Fear
229pink_drama_detect.jpg,Fear
230pink_drama_detect.jpg,Fear
231pink_drama_detect.jpg,Fear
232pink_drama_detect.jpg,Fear
233pink_drama_detect.jpg,Fear
234pink_drama_detect.jpg,Fear
235pink_drama_detect.jpg,Neutral
236pink_drama_detect.jpg,Neutral
237pink_drama_detect.jpg,Neutral
238pink_drama_detect.jpg,Neutral
239pink_drama_detect.jpg,Neutral
240pink_drama_detect.jpg,Neutral
241pink_drama_detect.jpg,Neutral
242pink_drama_detect.jpg,Neutral
243pink_drama_detect.jpg,Neutral
244pink_drama_detect.jpg,Neutral
245pink_drama_detect.jpg,Neutral
246pink_drama_detect.jpg,Disgust
247pink_drama_detect.jpg,Disgust
248pink_drama_detect.jpg,Disgust
249pink_drama_detect.jpg,Disgust
250pink_drama_detect.jpg,Disgust
251pink_drama_detect.jpg,Disgust
252pink_drama_detect.jpg,Disgust
253pink_drama_detect.jpg,Disgust
254pink_drama_detect.jpg,Disgust
255pink_drama_detect.jpg,Disgust
256pink_drama_detect.jpg,Disgust
257pink_drama_detect.jpg,Disgust
258pink_drama_detect.jpg,Disgust
259pink_drama_detect.jpg,Disgust
260pink_drama_detect.jpg,Disgust
261pink_drama_detect.jpg,Disgust
262pink_drama_detect.jpg,Disgust
263pink_drama_detect.jpg,Disgust
264pink_drama_detect.jpg,Disgust
265pink_drama_detect.jpg,Disgust
266pink_drama_detect.jpg,Disgust
267pink_drama_detect.jpg,Disgust
268pink_drama_detect.jpg,Disgust
269pink_drama_detect.jpg,Disgust
270pink_drama_detect.jpg,Disgust
271pink_drama_detect.jpg,Disgust
272pink_drama_detect.jpg,Disgust
273pink_drama_detect.jpg,Disgust
274pink_drama_detect.jpg,Disgust
275pink_drama_detect.jpg,Disgust
276pink_drama_detect.jpg,Disgust
277pink_drama_detect.jpg,Disgust
278pink_drama_detect.jpg,Disgust
279pink_drama_detect.jpg,Disgust
280pink_drama_detect.jpg,Disgust
281pink_drama_detect.jpg,Disgust
282pink_drama_detect.jpg,Disgust
283pink_drama_detect.jpg,Disgust
284pink_drama_detect.jpg,Happy
285pink_drama_detect.jpg,Happy
286pink_drama_detect.jpg,Happy
287pink_drama_detect.jpg,Happy
288pink_drama_detect.jpg,Happy
289pink_drama_detect.jpg,Happy
290pink_drama_detect.jpg,Happy
291pink_drama_detect.jpg,Happy
292pink_drama_detect.jpg,Happy
293pink_drama_detect.jpg,Happy
294pink_drama_detect.jpg,Happy
295pink_drama_detect.jpg,Happy
296pink_drama_detect.jpg,Happy
297pink_drama_detect.jpg,Happy
298pink_drama_detect.jpg,Happy
299pink_drama_detect.jpg,Happy
300pink_drama_detect.jpg,Happy
301pink_drama_detect.jpg,Happy
302pink_drama_detect.jpg,Happy
303pink_drama_detect.jpg,Happy
304pink_drama_detect.jpg,Happy
305pink_drama_detect.jpg,Happy
306pink_drama_detect.jpg,Happy
307pink_drama_detect.jpg,Happy
308pink_drama_detect.jpg,Happy
309pink_drama_detect.jpg,Happy
310pink_drama_detect.jpg,Happy
311pink_drama_detect.jpg,Happy
312pink_drama_detect.jpg,Happy
313pink_drama_detect.jpg,Happy
314pink_drama_detect.jpg,Happy
315pink_drama_detect.jpg,Happy
316pink_drama_detect.jpg,Neutral
317pink_drama_detect.jpg,Neutral
318pink_drama_detect.jpg,Neutral
319pink_drama_detect.jpg,Neutral
320pink_drama_detect.jpg,Neutral
321pink_drama_detect.jpg,Neutral
322pink_drama_detect.jpg,Neutral
323pink_drama_detect.jpg,Neutral
324pink_drama_detect.jpg,Neutral
325pink_drama_detect.jpg,Neutral
326pink_drama_detect.jpg,Neutral
327pink_drama_detect.jpg,Neutral
328pink_drama_detect.jpg,Neutral
329pink_drama_detect.jpg,Neutral
330pink_drama_detect.jpg,Neutral
331pink_drama_detect.jpg,Neutral
332pink_drama_detect.jpg,Neutral
333pink_drama_detect.jpg,Neutral
334pink_drama_detect.jpg,Neutral
335pink_drama_detect.jpg,Neutral
336pink_drama_detect.jpg,Neutral
337pink_drama_detect.jpg,Neutral
338pink_drama_detect.jpg,Neutral
339pink_drama_detect.jpg,Neutral
340pink_drama_detect.jpg,Neutral
341pink_drama_detect.jpg,Neutral
342pink_drama_detect.jpg,Neutral
343pink_drama_detect.jpg,Neutral
344pink_drama_detect.jpg,Neutral
345pink_drama_detect.jpg,Neutral
346pink_drama_detect.jpg,Neutral
347pink_drama_detect.jpg,Neutral
348pink_drama_detect.jpg,Neutral
349pink_drama_detect.jpg,Neutral
350pink_drama_detect.jpg,Neutral
351pink_drama_detect.jpg,Neutral
352pink_drama_detect.jpg,Neutral
353pink_drama_detect.jpg,Neutral
354pink_drama_detect.jpg,Neutral
355pink_drama_detect.jpg,Neutral
356pink_drama_detect.jpg,Neutral
357pink_drama_detect.jpg,Neutral
358pink_drama_detect.jpg,Neutral
359pink_drama_detect.jpg,Neutral
360pink_drama_detect.jpg,Neutral
361pink_drama_detect.jpg,Neutral
362pink_drama_detect.jpg,Neutral
363pink_drama_detect.jpg,Neutral
364pink_drama_detect.jpg,Neutral
365pink_drama_detect.jpg,Neutral
366pink_drama_detect.jpg,Neutral
367pink_drama_detect.jpg,Neutral
368pink_drama_detect.jpg,Neutral
369pink_drama_detect.jpg,Neutral
370pink_drama_detect.jpg,Neutral
371pink_drama_detect.jpg,Neutral
372pink_drama_detect.jpg,Neutral
373pink_drama_detect.jpg,Neutral
374pink_drama_detect.jpg,Neutral
375pink_drama_detect.jpg,Neutral
376pink_drama_detect.jpg,Neutral
377pink_drama_detect.jpg,Neutral
378pink_drama_detect.jpg,Neutral
379pink_drama_detect.jpg,Neutral
380pink_drama_detect.jpg,Neutral
381pink_drama_detect.jpg,Neutral
382pink_drama_detect.jpg,Neutral
383pink_drama_detect.jpg,Neutral
384pink_drama_detect.jpg,Neutral
385pink_drama_detect.jpg,Neutral
386pink_drama_detect.jpg,Neutral
387pink_drama_detect.jpg,Neutral
388pink_drama_detect.jpg,Neutral
389pink_drama_detect.jpg,Neutral
390pink_drama_detect.jpg,Neutral
391pink_drama_detect.jpg,Neutral
392pink_drama_detect.jpg,Neutral
393pink_drama_detect.jpg,Neutral
394pink_drama_detect.jpg,Neutral
395pink_drama_detect.jpg,Neutral
396pink_drama_detect.jpg,Neutral
397pink_drama_detect.jpg,Neutral
398pink_drama_detect.jpg,Neutral
399pink_drama_detect.jpg,Neutral
400pink_drama_detect.jpg,Neutral
401pink_drama_detect.jpg,Neutral
402pink_drama_detect.jpg,Neutral
403pink_drama_detect.jpg,Neutral
404pink_drama_detect.jpg,Neutral
405pink_drama_detect.jpg,Neutral
406pink_drama_detect.jpg,Neutral
407pink_drama_detect.jpg,Neutral
408pink_drama_detect.jpg,Neutral
409pink_drama_detect.jpg,Neutral
410pink_drama_detect.jpg,Neutral
411pink_drama_detect.jpg,Neutral
412pink_drama_detect.jpg,Neutral
413pink_drama_detect.jpg,Neutral
414pink_drama_detect.jpg,Neutral
415pink_drama_detect.jpg,Neutral
416pink_drama_detect.jpg,Neutral
417pink_drama_detect.jpg,Neutral
418pink_drama_detect.jpg,Neutral
419pink_drama_detect.jpg,Neutral
420pink_drama_detect.jpg,Neutral
421pink_drama_detect.jpg,Sadness
422pink_drama_detect.jpg,Sadness
423pink_drama_detect.jpg,Sadness
424pink_drama_detect.jpg,Sadness
425pink_drama_detect.jpg,Sadness
426pink_drama_detect.jpg,Sadness
427pink_drama_detect.jpg,Sadness
428pink_drama_detect.jpg,Sadness
429pink_drama_detect.jpg,Sadness
430pink_drama_detect.jpg,Sadness
431pink_drama_detect.jpg,Sadness
432pink_drama_detect.jpg,Sadness
433pink_drama_detect.jpg,Sadness
434pink_drama_detect.jpg,Sadness
435pink_drama_detect.jpg,Sadness
436pink_drama_detect.jpg,Sadness
437pink_drama_detect.jpg,Sadness
438pink_drama_detect.jpg,Sadness
439pink_drama_detect.jpg,Sadness
440pink_drama_detect.jpg,Sadness
441pink_drama_detect.jpg,Sadness
442pink_drama_detect.jpg,Sadness
443pink_drama_detect.jpg,Sadness
444pink_drama_detect.jpg,Sadness
445pink_drama_detect.jpg,Sadness
446pink_drama_detect.jpg,Sadness
447pink_drama_detect.jpg,Sadness
448pink_drama_detect.jpg,Sadness
449pink_drama_detect.jpg,Sadness
450pink_drama_detect.jpg,Sadness
451pink_drama_detect.jpg,Sadness
452pink_drama_detect.jpg,Sadness
453pink_drama_detect.jpg,Sadness
454pink_drama_detect.jpg,Sadness
455pink_drama_detect.jpg,Sadness
456pink_drama_detect.jpg,Neutral
457pink_drama_detect.jpg,Neutral
458pink_drama_detect.jpg,Neutral
459pink_drama_detect.jpg,Neutral
460pink_drama_detect.jpg,Neutral
461pink_drama_detect.jpg,Neutral
462pink_drama_detect.jpg,Neutral
463pink_drama_detect.jpg,Neutral
464pink_drama_detect.jpg,Neutral
465pink_drama_detect.jpg,Neutral
466pink_drama_detect.jpg,Neutral
467pink_drama_detect.jpg,Neutral
468pink_drama_detect.jpg,Neutral
469pink_drama_detect.jpg,Neutral
470pink_drama_detect.jpg,Neutral
471pink_drama_detect.jpg,Neutral
472pink_drama_detect.jpg,Neutral
473pink_drama_detect.jpg,Neutral
474pink_drama_detect.jpg,Neutral
475pink_drama_detect.jpg,Neutral
476pink_drama_detect.jpg,Neutral
477pink_drama_detect.jpg,Neutral
478pink_drama_detect.jpg,Neutral
479pink_drama_detect.jpg,Neutral
480pink_drama_detect.jpg,Neutral
481pink_drama_detect.jpg,Neutral
482pink_drama_detect.jpg,Neutral
483pink_drama_detect.jpg,Neutral
484pink_drama_detect.jpg,Neutral
485pink_drama_detect.jpg,Neutral
486pink_drama_detect.jpg,Neutral
487pink_drama_detect.jpg,Neutral
488pink_drama_detect.jpg,Neutral
489pink_drama_detect.jpg,Neutral
1532sultan_drama_detect.jpg,Anger
1533sultan_drama_detect.jpg,Anger
1534sultan_drama_detect.jpg,Anger
1535sultan_drama_detect.jpg,Anger
1536sultan_drama_detect.jpg,Anger
1537sultan_drama_detect.jpg,Anger
1538sultan_drama_detect.jpg,Anger
1539sultan_drama_detect.jpg,Anger
1540sultan_drama_detect.jpg,Anger
1541sultan_drama_detect.jpg,Anger
1542sultan_drama_detect.jpg,Anger
1543sultan_drama_detect.jpg,Anger
1544sultan_drama_detect.jpg,Anger
1545sultan_drama_detect.jpg,Anger
1546sultan_drama_detect.jpg,Anger
1547sultan_drama_detect.jpg,Anger
1548sultan_drama_detect.jpg,Anger
1549sultan_drama_detect.jpg,Anger
1550sultan_drama_detect.jpg,Anger
1551sultan_drama_detect.jpg,Anger
1552sultan_drama_detect.jpg,Anger
1553sultan_drama_detect.jpg,Anger
1554sultan_drama_detect.jpg,Anger
1555sultan_drama_detect.jpg,Anger
1556sultan_drama_detect.jpg,Anger
1557sultan_drama_detect.jpg,Neutral
1558sultan_drama_detect.jpg,Neutral
1559sultan_drama_detect.jpg,Neutral
1560sultan_drama_detect.jpg,Neutral
1561sultan_drama_detect.jpg,Neutral
1562sultan_drama_detect.jpg,Neutral
1563sultan_drama_detect.jpg,Anger
1564sultan_drama_detect.jpg,Anger
1565sultan_drama_detect.jpg,Anger
1566sultan_drama_detect.jpg,Anger
1567sultan_drama_detect.jpg,Anger
1568sultan_drama_detect.jpg,Anger
1569sultan_drama_detect.jpg,Anger
1570sultan_drama_detect.jpg,Anger
1571sultan_drama_detect.jpg,Anger
1572sultan_drama_detect.jpg,Anger
1573sultan_drama_detect.jpg,Anger
1574sultan_drama_detect.jpg,Anger
1575sultan_drama_detect.jpg,Anger
1576sultan_drama_detect.jpg,Anger
1577sultan_drama_detect.jpg,Anger
1578sultan_drama_detect.jpg,Neutral
1579sultan_drama_detect.jpg,Neutral
1580sultan_drama_detect.jpg,Neutral
1581sultan_drama_detect.jpg,Neutral
1582sultan_drama_detect.jpg,Neutral
1583sultan_drama_detect.jpg,Neutral
1584sultan_drama_detect.jpg,Neutral
1585sultan_drama_detect.jpg,Neutral
1586sultan_drama_detect.jpg,Neutral
1587sultan_drama_detect.jpg,Neutral
1588sultan_drama_detect.jpg,Neutral
1589sultan_drama_detect.jpg,Neutral
1590sultan_drama_detect.jpg,Neutral
1591sultan_drama_detect.jpg,Neutral
1592sultan_drama_detect.jpg,Neutral
1593sultan_drama_detect.jpg,Neutral
1594sultan_drama_detect.jpg,Neutral
1595sultan_drama_detect.jpg,Neutral
1596sultan_drama_detect.jpg,Neutral
1597sultan_drama_detect.jpg,Neutral
1598sultan_drama_detect.jpg,Neutral
1599sultan_drama_detect.jpg,Neutral
1600sultan_drama_detect.jpg,Neutral
1601sultan_drama_detect.jpg,Neutral
1602sultan_drama_detect.jpg,Neutral
1603sultan_drama_detect.jpg,Neutral
1604sultan_drama_detect.jpg,Neutral
1605sultan_drama_detect.jpg,Neutral
1606sultan_drama_detect.jpg,Neutral
1607sultan_drama_detect.jpg,Neutral
1608sultan_drama_detect.jpg,Neutral
1609sultan_drama_detect.jpg,Neutral
1610sultan_drama_detect.jpg,Neutral
1611sultan_drama_detect.jpg,Neutral
1612sultan_drama_detect.jpg,Neutral
1613sultan_drama_detect.jpg,Anger
1614sultan_drama_detect.jpg,Anger
1615sultan_drama_detect.jpg,Anger
1616sultan_drama_detect.jpg,Anger
1617sultan_drama_detect.jpg,Anger
1618sultan_drama_detect.jpg,Anger
1619sultan_drama_detect.jpg,Anger
1620sultan_drama_detect.jpg,Anger
1621sultan_drama_detect.jpg,Anger
1622sultan_drama_detect.jpg,Anger
1623sultan_drama_detect.jpg,Anger
1624sultan_drama_detect.jpg,Anger
1625sultan_drama_detect.jpg,Anger
1626sultan_drama_detect.jpg,Anger
1627sultan_drama_detect.jpg,Anger
1628sultan_drama_detect.jpg,Anger
1629sultan_drama_detect.jpg,Anger
1630sultan_drama_detect.jpg,Love
1631sultan_drama_detect.jpg,Love
1632sultan_drama_detect.jpg,Love
1633sultan_drama_detect.jpg,Love
1634sultan_drama_detect.jpg,Love
1635sultan_drama_detect.jpg,Love
1636sultan_drama_detect.jpg,Love
1637sultan_drama_detect.jpg,Love
1638sultan_drama_detect.jpg,Love
1639sultan_drama_detect.jpg,Love
1640sultan_drama_detect.jpg,Love
1641sultan_drama_detect.jpg,Love
1642sultan_drama_detect.jpg,Love
1643sultan_drama_detect.jpg,Love
1644sultan_drama_detect.jpg,Love
1645sultan_drama_detect.jpg,Love
1646sultan_drama_detect.jpg,Love
1647sultan_drama_detect.jpg,Love
1648sultan_drama_detect.jpg,Love
1649sultan_drama_detect.jpg,Love
1650sultan_drama_detect.jpg,Love
1651sultan_drama_detect.jpg,Love
1652sultan_drama_detect.jpg,Love
1653sultan_drama_detect.jpg,Love
1654sultan_drama_detect.jpg,Love
1655sultan_drama_detect.jpg,Love
1656sultan_drama_detect.jpg,Anger
1657sultan_drama_detect.jpg,Anger
1658sultan_drama_detect.jpg,Anger
1659sultan_drama_detect.jpg,Anger
1660sultan_drama_detect.jpg,Anger
1661sultan_drama_detect.jpg,Anger
1662sultan_drama_detect.jpg,Anger
1663sultan_drama_detect.jpg,Anger
1664sultan_drama_detect.jpg,Anger
1665sultan_drama_detect.jpg,Anger
1666sultan_drama_detect.jpg,Anger
1667sultan_drama_detect.jpg,Anger
1668sultan_drama_detect.jpg,Anger
1669sultan_drama_detect.jpg,Anger
1670sultan_drama_detect.jpg,Anger
1671sultan_drama_detect.jpg,Anger
1672sultan_drama_detect.jpg,Anger
1673sultan_drama_detect.jpg,Anger
1674sultan_drama_detect.jpg,Anger
1675sultan_drama_detect.jpg,Anger
1676sultan_drama_detect.jpg,Happy
1677sultan_drama_detect.jpg,Happy
1678sultan_drama_detect.jpg,Happy
1679sultan_drama_detect.jpg,Happy
1680sultan_drama_detect.jpg,Happy
1681sultan_drama_detect.jpg,Happy
1682sultan_drama_detect.jpg,Happy
1683sultan_drama_detect.jpg,Happy
1684sultan_drama_detect.jpg,Happy
1685sultan_drama_detect.jpg,Happy
1686sultan_drama_detect.jpg,Happy
1687sultan_drama_detect.jpg,Happy
1688sultan_drama_detect.jpg,Happy
1689sultan_drama_detect.jpg,Happy
1690sultan_drama_detect.jpg,Happy
1713sultan_drama_detect.jpg,Happy
1715sultan_drama_detect.jpg,Anger
1716sultan_drama_detect.jpg,Anger
1717sultan_drama_detect.jpg,Anger
1718sultan_drama_detect.jpg,Anger
1719sultan_drama_detect.jpg,Anger
1720sultan_drama_detect.jpg,Anger
1721sultan_drama_detect.jpg,Anger
1722sultan_drama_detect.jpg,Anger
1723sultan_drama_detect.jpg,Anger
1724sultan_drama_detect.jpg,Anger
1725sultan_drama_detect.jpg,Anger
1726sultan_drama_detect.jpg,Anger
1727sultan_drama_detect.jpg,Anger
1728sultan_drama_detect.jpg,Anger
1729sultan_drama_detect.jpg,Anger
1730sultan_drama_detect.jpg,Anger
1731sultan_drama_detect.jpg,Anger
1732sultan_drama_detect.jpg,Anger
1733sultan_drama_detect.jpg,Anger
1734sultan_drama_detect.jpg,Anger
1735sultan_drama_detect.jpg,Anger
1736sultan_drama_detect.jpg,Anger
1737sultan_drama_detect.jpg,Anger
1738sultan_drama_detect.jpg,Anger
1739sultan_drama_detect.jpg,Anger
1740sultan_drama_detect.jpg,Anger
1741sultan_drama_detect.jpg,Anger
1742sultan_drama_detect.jpg,Anger
1743sultan_drama_detect.jpg,Anger
1744sultan_drama_detect.jpg,Anger
1745sultan_drama_detect.jpg,Anger
1746sultan_drama_detect.jpg,Anger
1747sultan_drama_detect.jpg,Anger
1748sultan_drama_detect.jpg,Anger
1749sultan_drama_detect.jpg,Anger
1750sultan_drama_detect.jpg,Anger
1751sultan_drama_detect.jpg,Anger
1752sultan_drama_detect.jpg,Anger
1753sultan_drama_detect.jpg,Anger
1754sultan_drama_detect.jpg,Anger
1755sultan_drama_detect.jpg,Anger
1756sultan_drama_detect.jpg,Anger
1757sultan_drama_detect.jpg,Anger
1758sultan_drama_detect.jpg,Anger
1759sultan_drama_detect.jpg,Anger
1760sultan_drama_detect.jpg,Anger
1761sultan_drama_detect.jpg,Anger
1762sultan_drama_detect.jpg,Anger
1763sultan_drama_detect.jpg,Happy
1764sultan_drama_detect.jpg,Happy
1765sultan_drama_detect.jpg,Happy
1766sultan_drama_detect.jpg,Happy
1767sultan_drama_detect.jpg,Happy
1768sultan_drama_detect.jpg,Happy
1769sultan_drama_detect.jpg,Happy
1770sultan_drama_detect.jpg,Happy
1771sultan_drama_detect.jpg,Happy
1772sultan_drama_detect.jpg,Happy
1773sultan_drama_detect.jpg,Happy